--------------------------------------------------------
--  File created - วันเสาร์-มีนาคม-28-2569   
--------------------------------------------------------
--------------------------------------------------------
--  DDL for Table ATTENDANCE
--------------------------------------------------------

  CREATE TABLE "SYSTEM"."ATTENDANCE" 
   (	"ATTENDANCE_ID" VARCHAR2(26 BYTE), 
	"EMPLOYEE_ID" NUMBER(38,0), 
	"SHIFT_ID" VARCHAR2(26 BYTE), 
	"WORK_DATE" DATE, 
	"CLOCK_IN" TIMESTAMP (6), 
	"CLOCK_OUT" TIMESTAMP (6), 
	"WORK_HOURS" NUMBER(38,0), 
	"OT_HOURS" NUMBER(38,0), 
	"IS_NIGHT" NUMBER(38,0)
   ) PCTFREE 10 PCTUSED 40 INITRANS 1 MAXTRANS 255 
 NOCOMPRESS LOGGING
  STORAGE(INITIAL 65536 NEXT 1048576 MINEXTENTS 1 MAXEXTENTS 2147483645
  PCTINCREASE 0 FREELISTS 1 FREELIST GROUPS 1
  BUFFER_POOL DEFAULT FLASH_CACHE DEFAULT CELL_FLASH_CACHE DEFAULT)
  TABLESPACE "SYSTEM" ;
--------------------------------------------------------
--  DDL for Table DEPARTMENT
--------------------------------------------------------

  CREATE TABLE "SYSTEM"."DEPARTMENT" 
   (	"DEPARTMENT_ID" NUMBER(38,0), 
	"DEPARTMENT_NAME" VARCHAR2(26 BYTE), 
	"MANAGER_ID" NUMBER(38,0), 
	"LOCATION" VARCHAR2(26 BYTE), 
	"INTERNAL_PHONE" NUMBER(*,0)
   ) PCTFREE 10 PCTUSED 40 INITRANS 1 MAXTRANS 255 
 NOCOMPRESS LOGGING
  STORAGE(INITIAL 65536 NEXT 1048576 MINEXTENTS 1 MAXEXTENTS 2147483645
  PCTINCREASE 0 FREELISTS 1 FREELIST GROUPS 1
  BUFFER_POOL DEFAULT FLASH_CACHE DEFAULT CELL_FLASH_CACHE DEFAULT)
  TABLESPACE "SYSTEM" ;
--------------------------------------------------------
--  DDL for Table EMPLOYEE
--------------------------------------------------------

  CREATE TABLE "SYSTEM"."EMPLOYEE" 
   (	"EMPLOYEE_ID" NUMBER(38,0), 
	"FIRST_NAME" VARCHAR2(26 BYTE), 
	"LAST_NAME" VARCHAR2(26 BYTE), 
	"BIRTH_DATE" DATE, 
	"GENDER" VARCHAR2(26 BYTE), 
	"PHONE" VARCHAR2(26 BYTE), 
	"EMAIL" VARCHAR2(26 BYTE), 
	"HIRE_DATE" DATE, 
	"STATUS" VARCHAR2(26 BYTE), 
	"DEPARTMENT_ID" NUMBER(38,0), 
	"POSITION_ID" NUMBER(38,0)
   ) PCTFREE 10 PCTUSED 40 INITRANS 1 MAXTRANS 255 
 NOCOMPRESS LOGGING
  STORAGE(INITIAL 65536 NEXT 1048576 MINEXTENTS 1 MAXEXTENTS 2147483645
  PCTINCREASE 0 FREELISTS 1 FREELIST GROUPS 1
  BUFFER_POOL DEFAULT FLASH_CACHE DEFAULT CELL_FLASH_CACHE DEFAULT)
  TABLESPACE "SYSTEM" ;
--------------------------------------------------------
--  DDL for Table POSITION
--------------------------------------------------------

  CREATE TABLE "SYSTEM"."POSITION" 
   (	"POSITION_ID" VARCHAR2(26 BYTE), 
	"POSITION_NAME" VARCHAR2(26 BYTE), 
	"MIN_SALARY" NUMBER(38,0), 
	"MAX_SALARY" NUMBER(38,0), 
	"SHIFT_TYPE" VARCHAR2(26 BYTE)
   ) PCTFREE 10 PCTUSED 40 INITRANS 1 MAXTRANS 255 
 NOCOMPRESS LOGGING
  STORAGE(INITIAL 65536 NEXT 1048576 MINEXTENTS 1 MAXEXTENTS 2147483645
  PCTINCREASE 0 FREELISTS 1 FREELIST GROUPS 1
  BUFFER_POOL DEFAULT FLASH_CACHE DEFAULT CELL_FLASH_CACHE DEFAULT)
  TABLESPACE "SYSTEM" ;
--------------------------------------------------------
--  DDL for Table SALARY
--------------------------------------------------------

  CREATE TABLE "SYSTEM"."SALARY" 
   (	"SALARY_ID" VARCHAR2(26 BYTE), 
	"EMPLOYEE_ID" NUMBER(38,0), 
	"SALARY_MONTH" NUMBER(38,0), 
	"SALARY_YEAR" NUMBER(38,0), 
	"BASE_SALARY" NUMBER(38,0), 
	"OT_PAY" NUMBER(38,0), 
	"NIGHT_PAY" NUMBER(38,0), 
	"SERVICE_CHARGE" NUMBER(38,0), 
	"DEDUCTION" NUMBER(38,0), 
	"NET_SALARY" NUMBER(38,0), 
	"PAYMENT_DATE" DATE
   ) PCTFREE 10 PCTUSED 40 INITRANS 1 MAXTRANS 255 
 NOCOMPRESS LOGGING
  STORAGE(INITIAL 65536 NEXT 1048576 MINEXTENTS 1 MAXEXTENTS 2147483645
  PCTINCREASE 0 FREELISTS 1 FREELIST GROUPS 1
  BUFFER_POOL DEFAULT FLASH_CACHE DEFAULT CELL_FLASH_CACHE DEFAULT)
  TABLESPACE "SYSTEM" ;
--------------------------------------------------------
--  DDL for Table SALARYDETAIL
--------------------------------------------------------

  CREATE TABLE "SYSTEM"."SALARYDETAIL" 
   (	"DETAIL_ID" VARCHAR2(26 BYTE), 
	"SALARY_ID" VARCHAR2(26 BYTE), 
	"DETAIL_TYPE" VARCHAR2(26 BYTE), 
	"AMOUNT" NUMBER(38,0)
   ) PCTFREE 10 PCTUSED 40 INITRANS 1 MAXTRANS 255 
 NOCOMPRESS LOGGING
  STORAGE(INITIAL 65536 NEXT 1048576 MINEXTENTS 1 MAXEXTENTS 2147483645
  PCTINCREASE 0 FREELISTS 1 FREELIST GROUPS 1
  BUFFER_POOL DEFAULT FLASH_CACHE DEFAULT CELL_FLASH_CACHE DEFAULT)
  TABLESPACE "SYSTEM" ;
--------------------------------------------------------
--  DDL for Table SHIFT
--------------------------------------------------------

  CREATE TABLE "SYSTEM"."SHIFT" 
   (	"SHIFT_ID" VARCHAR2(26 BYTE), 
	"SHIFT_NAME" VARCHAR2(26 BYTE), 
	"START_TIME" VARCHAR2(26 BYTE), 
	"END_TIME" VARCHAR2(26 BYTE), 
	"IS_NIGHT" NUMBER(38,0)
   ) PCTFREE 10 PCTUSED 40 INITRANS 1 MAXTRANS 255 
 NOCOMPRESS LOGGING
  STORAGE(INITIAL 65536 NEXT 1048576 MINEXTENTS 1 MAXEXTENTS 2147483645
  PCTINCREASE 0 FREELISTS 1 FREELIST GROUPS 1
  BUFFER_POOL DEFAULT FLASH_CACHE DEFAULT CELL_FLASH_CACHE DEFAULT)
  TABLESPACE "SYSTEM" ;
REM INSERTING into SYSTEM.ATTENDANCE
SET DEFINE OFF;
Insert into SYSTEM.ATTENDANCE (ATTENDANCE_ID,EMPLOYEE_ID,SHIFT_ID,WORK_DATE,CLOCK_IN,CLOCK_OUT,WORK_HOURS,OT_HOURS,IS_NIGHT) values ('3',101,'1',to_date('02-OCT-23','DD-MON-RR'),to_timestamp('02-OCT-23 06.55.00.000000000 AM','DD-MON-RR HH.MI.SSXFF AM'),to_timestamp('02-OCT-23 03.05.00.000000000 PM','DD-MON-RR HH.MI.SSXFF AM'),8,0,0);
Insert into SYSTEM.ATTENDANCE (ATTENDANCE_ID,EMPLOYEE_ID,SHIFT_ID,WORK_DATE,CLOCK_IN,CLOCK_OUT,WORK_HOURS,OT_HOURS,IS_NIGHT) values ('4',102,'1',to_date('02-OCT-23','DD-MON-RR'),to_timestamp('02-OCT-23 06.50.00.000000000 AM','DD-MON-RR HH.MI.SSXFF AM'),to_timestamp('02-OCT-23 03.00.00.000000000 PM','DD-MON-RR HH.MI.SSXFF AM'),8,0,0);
Insert into SYSTEM.ATTENDANCE (ATTENDANCE_ID,EMPLOYEE_ID,SHIFT_ID,WORK_DATE,CLOCK_IN,CLOCK_OUT,WORK_HOURS,OT_HOURS,IS_NIGHT) values ('5',103,'1',to_date('02-OCT-23','DD-MON-RR'),to_timestamp('02-OCT-23 07.05.00.000000000 AM','DD-MON-RR HH.MI.SSXFF AM'),to_timestamp('02-OCT-23 04.00.00.000000000 PM','DD-MON-RR HH.MI.SSXFF AM'),8,1,0);
Insert into SYSTEM.ATTENDANCE (ATTENDANCE_ID,EMPLOYEE_ID,SHIFT_ID,WORK_DATE,CLOCK_IN,CLOCK_OUT,WORK_HOURS,OT_HOURS,IS_NIGHT) values ('6',104,'1',to_date('02-OCT-23','DD-MON-RR'),to_timestamp('02-OCT-23 06.58.00.000000000 AM','DD-MON-RR HH.MI.SSXFF AM'),to_timestamp('02-OCT-23 03.02.00.000000000 PM','DD-MON-RR HH.MI.SSXFF AM'),8,0,0);
Insert into SYSTEM.ATTENDANCE (ATTENDANCE_ID,EMPLOYEE_ID,SHIFT_ID,WORK_DATE,CLOCK_IN,CLOCK_OUT,WORK_HOURS,OT_HOURS,IS_NIGHT) values ('7',106,'2',to_date('02-OCT-23','DD-MON-RR'),to_timestamp('02-OCT-23 02.50.00.000000000 PM','DD-MON-RR HH.MI.SSXFF AM'),to_timestamp('02-OCT-23 11.10.00.000000000 PM','DD-MON-RR HH.MI.SSXFF AM'),8,0,0);
Insert into SYSTEM.ATTENDANCE (ATTENDANCE_ID,EMPLOYEE_ID,SHIFT_ID,WORK_DATE,CLOCK_IN,CLOCK_OUT,WORK_HOURS,OT_HOURS,IS_NIGHT) values ('8',113,'2',to_date('02-OCT-23','DD-MON-RR'),to_timestamp('02-OCT-23 02.55.00.000000000 PM','DD-MON-RR HH.MI.SSXFF AM'),to_timestamp('02-OCT-23 11.05.00.000000000 PM','DD-MON-RR HH.MI.SSXFF AM'),8,0,0);
Insert into SYSTEM.ATTENDANCE (ATTENDANCE_ID,EMPLOYEE_ID,SHIFT_ID,WORK_DATE,CLOCK_IN,CLOCK_OUT,WORK_HOURS,OT_HOURS,IS_NIGHT) values ('9',120,'2',to_date('02-OCT-23','DD-MON-RR'),to_timestamp('02-OCT-23 02.45.00.000000000 PM','DD-MON-RR HH.MI.SSXFF AM'),to_timestamp('02-OCT-23 11.00.00.000000000 PM','DD-MON-RR HH.MI.SSXFF AM'),8,0,0);
Insert into SYSTEM.ATTENDANCE (ATTENDANCE_ID,EMPLOYEE_ID,SHIFT_ID,WORK_DATE,CLOCK_IN,CLOCK_OUT,WORK_HOURS,OT_HOURS,IS_NIGHT) values ('10',127,'2',to_date('02-OCT-23','DD-MON-RR'),to_timestamp('02-OCT-23 03.00.00.000000000 PM','DD-MON-RR HH.MI.SSXFF AM'),to_timestamp('03-OCT-23 12.00.00.000000000 AM','DD-MON-RR HH.MI.SSXFF AM'),8,1,0);
Insert into SYSTEM.ATTENDANCE (ATTENDANCE_ID,EMPLOYEE_ID,SHIFT_ID,WORK_DATE,CLOCK_IN,CLOCK_OUT,WORK_HOURS,OT_HOURS,IS_NIGHT) values ('11',105,'3',to_date('02-OCT-23','DD-MON-RR'),to_timestamp('02-OCT-23 10.50.00.000000000 PM','DD-MON-RR HH.MI.SSXFF AM'),to_timestamp('03-OCT-23 07.05.00.000000000 AM','DD-MON-RR HH.MI.SSXFF AM'),8,0,1);
Insert into SYSTEM.ATTENDANCE (ATTENDANCE_ID,EMPLOYEE_ID,SHIFT_ID,WORK_DATE,CLOCK_IN,CLOCK_OUT,WORK_HOURS,OT_HOURS,IS_NIGHT) values ('12',134,'3',to_date('02-OCT-23','DD-MON-RR'),to_timestamp('02-OCT-23 10.55.00.000000000 PM','DD-MON-RR HH.MI.SSXFF AM'),to_timestamp('03-OCT-23 07.15.00.000000000 AM','DD-MON-RR HH.MI.SSXFF AM'),8,0,1);
Insert into SYSTEM.ATTENDANCE (ATTENDANCE_ID,EMPLOYEE_ID,SHIFT_ID,WORK_DATE,CLOCK_IN,CLOCK_OUT,WORK_HOURS,OT_HOURS,IS_NIGHT) values ('13',101,'1',to_date('03-OCT-23','DD-MON-RR'),to_timestamp('03-OCT-23 06.50.00.000000000 AM','DD-MON-RR HH.MI.SSXFF AM'),to_timestamp('03-OCT-23 03.00.00.000000000 PM','DD-MON-RR HH.MI.SSXFF AM'),8,0,0);
Insert into SYSTEM.ATTENDANCE (ATTENDANCE_ID,EMPLOYEE_ID,SHIFT_ID,WORK_DATE,CLOCK_IN,CLOCK_OUT,WORK_HOURS,OT_HOURS,IS_NIGHT) values ('14',102,'1',to_date('03-OCT-23','DD-MON-RR'),to_timestamp('03-OCT-23 06.55.00.000000000 AM','DD-MON-RR HH.MI.SSXFF AM'),to_timestamp('03-OCT-23 03.10.00.000000000 PM','DD-MON-RR HH.MI.SSXFF AM'),8,0,0);
Insert into SYSTEM.ATTENDANCE (ATTENDANCE_ID,EMPLOYEE_ID,SHIFT_ID,WORK_DATE,CLOCK_IN,CLOCK_OUT,WORK_HOURS,OT_HOURS,IS_NIGHT) values ('15',103,'1',to_date('03-OCT-23','DD-MON-RR'),to_timestamp('03-OCT-23 06.58.00.000000000 AM','DD-MON-RR HH.MI.SSXFF AM'),to_timestamp('03-OCT-23 03.05.00.000000000 PM','DD-MON-RR HH.MI.SSXFF AM'),8,0,0);
Insert into SYSTEM.ATTENDANCE (ATTENDANCE_ID,EMPLOYEE_ID,SHIFT_ID,WORK_DATE,CLOCK_IN,CLOCK_OUT,WORK_HOURS,OT_HOURS,IS_NIGHT) values ('16',104,'1',to_date('03-OCT-23','DD-MON-RR'),to_timestamp('03-OCT-23 07.00.00.000000000 AM','DD-MON-RR HH.MI.SSXFF AM'),to_timestamp('03-OCT-23 05.00.00.000000000 PM','DD-MON-RR HH.MI.SSXFF AM'),8,2,0);
Insert into SYSTEM.ATTENDANCE (ATTENDANCE_ID,EMPLOYEE_ID,SHIFT_ID,WORK_DATE,CLOCK_IN,CLOCK_OUT,WORK_HOURS,OT_HOURS,IS_NIGHT) values ('17',106,'2',to_date('03-OCT-23','DD-MON-RR'),to_timestamp('03-OCT-23 02.55.00.000000000 PM','DD-MON-RR HH.MI.SSXFF AM'),to_timestamp('03-OCT-23 11.05.00.000000000 PM','DD-MON-RR HH.MI.SSXFF AM'),8,0,0);
Insert into SYSTEM.ATTENDANCE (ATTENDANCE_ID,EMPLOYEE_ID,SHIFT_ID,WORK_DATE,CLOCK_IN,CLOCK_OUT,WORK_HOURS,OT_HOURS,IS_NIGHT) values ('18',113,'2',to_date('03-OCT-23','DD-MON-RR'),to_timestamp('03-OCT-23 02.50.00.000000000 PM','DD-MON-RR HH.MI.SSXFF AM'),to_timestamp('03-OCT-23 11.00.00.000000000 PM','DD-MON-RR HH.MI.SSXFF AM'),8,0,0);
Insert into SYSTEM.ATTENDANCE (ATTENDANCE_ID,EMPLOYEE_ID,SHIFT_ID,WORK_DATE,CLOCK_IN,CLOCK_OUT,WORK_HOURS,OT_HOURS,IS_NIGHT) values ('19',120,'2',to_date('03-OCT-23','DD-MON-RR'),to_timestamp('03-OCT-23 02.58.00.000000000 PM','DD-MON-RR HH.MI.SSXFF AM'),to_timestamp('03-OCT-23 11.15.00.000000000 PM','DD-MON-RR HH.MI.SSXFF AM'),8,0,0);
Insert into SYSTEM.ATTENDANCE (ATTENDANCE_ID,EMPLOYEE_ID,SHIFT_ID,WORK_DATE,CLOCK_IN,CLOCK_OUT,WORK_HOURS,OT_HOURS,IS_NIGHT) values ('20',127,'2',to_date('03-OCT-23','DD-MON-RR'),to_timestamp('03-OCT-23 02.45.00.000000000 PM','DD-MON-RR HH.MI.SSXFF AM'),to_timestamp('03-OCT-23 11.00.00.000000000 PM','DD-MON-RR HH.MI.SSXFF AM'),8,0,0);
Insert into SYSTEM.ATTENDANCE (ATTENDANCE_ID,EMPLOYEE_ID,SHIFT_ID,WORK_DATE,CLOCK_IN,CLOCK_OUT,WORK_HOURS,OT_HOURS,IS_NIGHT) values ('21',105,'3',to_date('03-OCT-23','DD-MON-RR'),to_timestamp('03-OCT-23 10.55.00.000000000 PM','DD-MON-RR HH.MI.SSXFF AM'),to_timestamp('04-OCT-23 07.00.00.000000000 AM','DD-MON-RR HH.MI.SSXFF AM'),8,0,1);
Insert into SYSTEM.ATTENDANCE (ATTENDANCE_ID,EMPLOYEE_ID,SHIFT_ID,WORK_DATE,CLOCK_IN,CLOCK_OUT,WORK_HOURS,OT_HOURS,IS_NIGHT) values ('22',134,'3',to_date('03-OCT-23','DD-MON-RR'),to_timestamp('03-OCT-23 10.50.00.000000000 PM','DD-MON-RR HH.MI.SSXFF AM'),to_timestamp('04-OCT-23 07.10.00.000000000 AM','DD-MON-RR HH.MI.SSXFF AM'),8,0,1);
Insert into SYSTEM.ATTENDANCE (ATTENDANCE_ID,EMPLOYEE_ID,SHIFT_ID,WORK_DATE,CLOCK_IN,CLOCK_OUT,WORK_HOURS,OT_HOURS,IS_NIGHT) values ('23',101,'1',to_date('04-OCT-23','DD-MON-RR'),to_timestamp('04-OCT-23 06.55.00.000000000 AM','DD-MON-RR HH.MI.SSXFF AM'),to_timestamp('04-OCT-23 03.00.00.000000000 PM','DD-MON-RR HH.MI.SSXFF AM'),8,0,0);
Insert into SYSTEM.ATTENDANCE (ATTENDANCE_ID,EMPLOYEE_ID,SHIFT_ID,WORK_DATE,CLOCK_IN,CLOCK_OUT,WORK_HOURS,OT_HOURS,IS_NIGHT) values ('24',102,'1',to_date('04-OCT-23','DD-MON-RR'),to_timestamp('04-OCT-23 06.50.00.000000000 AM','DD-MON-RR HH.MI.SSXFF AM'),to_timestamp('04-OCT-23 03.05.00.000000000 PM','DD-MON-RR HH.MI.SSXFF AM'),8,0,0);
Insert into SYSTEM.ATTENDANCE (ATTENDANCE_ID,EMPLOYEE_ID,SHIFT_ID,WORK_DATE,CLOCK_IN,CLOCK_OUT,WORK_HOURS,OT_HOURS,IS_NIGHT) values ('25',103,'1',to_date('04-OCT-23','DD-MON-RR'),to_timestamp('04-OCT-23 07.00.00.000000000 AM','DD-MON-RR HH.MI.SSXFF AM'),to_timestamp('04-OCT-23 03.00.00.000000000 PM','DD-MON-RR HH.MI.SSXFF AM'),8,0,0);
Insert into SYSTEM.ATTENDANCE (ATTENDANCE_ID,EMPLOYEE_ID,SHIFT_ID,WORK_DATE,CLOCK_IN,CLOCK_OUT,WORK_HOURS,OT_HOURS,IS_NIGHT) values ('26',104,'1',to_date('04-OCT-23','DD-MON-RR'),to_timestamp('04-OCT-23 06.55.00.000000000 AM','DD-MON-RR HH.MI.SSXFF AM'),to_timestamp('04-OCT-23 03.10.00.000000000 PM','DD-MON-RR HH.MI.SSXFF AM'),8,0,0);
Insert into SYSTEM.ATTENDANCE (ATTENDANCE_ID,EMPLOYEE_ID,SHIFT_ID,WORK_DATE,CLOCK_IN,CLOCK_OUT,WORK_HOURS,OT_HOURS,IS_NIGHT) values ('27',106,'2',to_date('04-OCT-23','DD-MON-RR'),to_timestamp('04-OCT-23 02.50.00.000000000 PM','DD-MON-RR HH.MI.SSXFF AM'),to_timestamp('04-OCT-23 11.05.00.000000000 PM','DD-MON-RR HH.MI.SSXFF AM'),8,0,0);
Insert into SYSTEM.ATTENDANCE (ATTENDANCE_ID,EMPLOYEE_ID,SHIFT_ID,WORK_DATE,CLOCK_IN,CLOCK_OUT,WORK_HOURS,OT_HOURS,IS_NIGHT) values ('28',113,'2',to_date('04-OCT-23','DD-MON-RR'),to_timestamp('04-OCT-23 02.45.00.000000000 PM','DD-MON-RR HH.MI.SSXFF AM'),to_timestamp('04-OCT-23 11.00.00.000000000 PM','DD-MON-RR HH.MI.SSXFF AM'),8,0,0);
Insert into SYSTEM.ATTENDANCE (ATTENDANCE_ID,EMPLOYEE_ID,SHIFT_ID,WORK_DATE,CLOCK_IN,CLOCK_OUT,WORK_HOURS,OT_HOURS,IS_NIGHT) values ('29',120,'2',to_date('04-OCT-23','DD-MON-RR'),to_timestamp('04-OCT-23 03.00.00.000000000 PM','DD-MON-RR HH.MI.SSXFF AM'),to_timestamp('04-OCT-23 11.10.00.000000000 PM','DD-MON-RR HH.MI.SSXFF AM'),8,0,0);
Insert into SYSTEM.ATTENDANCE (ATTENDANCE_ID,EMPLOYEE_ID,SHIFT_ID,WORK_DATE,CLOCK_IN,CLOCK_OUT,WORK_HOURS,OT_HOURS,IS_NIGHT) values ('30',127,'2',to_date('04-OCT-23','DD-MON-RR'),to_timestamp('04-OCT-23 02.55.00.000000000 PM','DD-MON-RR HH.MI.SSXFF AM'),to_timestamp('04-OCT-23 11.00.00.000000000 PM','DD-MON-RR HH.MI.SSXFF AM'),8,0,0);
Insert into SYSTEM.ATTENDANCE (ATTENDANCE_ID,EMPLOYEE_ID,SHIFT_ID,WORK_DATE,CLOCK_IN,CLOCK_OUT,WORK_HOURS,OT_HOURS,IS_NIGHT) values ('31',105,'3',to_date('04-OCT-23','DD-MON-RR'),to_timestamp('04-OCT-23 10.50.00.000000000 PM','DD-MON-RR HH.MI.SSXFF AM'),to_timestamp('05-OCT-23 07.05.00.000000000 AM','DD-MON-RR HH.MI.SSXFF AM'),8,0,1);
Insert into SYSTEM.ATTENDANCE (ATTENDANCE_ID,EMPLOYEE_ID,SHIFT_ID,WORK_DATE,CLOCK_IN,CLOCK_OUT,WORK_HOURS,OT_HOURS,IS_NIGHT) values ('32',134,'3',to_date('04-OCT-23','DD-MON-RR'),to_timestamp('04-OCT-23 10.55.00.000000000 PM','DD-MON-RR HH.MI.SSXFF AM'),to_timestamp('05-OCT-23 08.00.00.000000000 AM','DD-MON-RR HH.MI.SSXFF AM'),8,1,1);
Insert into SYSTEM.ATTENDANCE (ATTENDANCE_ID,EMPLOYEE_ID,SHIFT_ID,WORK_DATE,CLOCK_IN,CLOCK_OUT,WORK_HOURS,OT_HOURS,IS_NIGHT) values ('33',101,'1',to_date('05-OCT-23','DD-MON-RR'),to_timestamp('05-OCT-23 06.50.00.000000000 AM','DD-MON-RR HH.MI.SSXFF AM'),to_timestamp('05-OCT-23 03.00.00.000000000 PM','DD-MON-RR HH.MI.SSXFF AM'),8,0,0);
Insert into SYSTEM.ATTENDANCE (ATTENDANCE_ID,EMPLOYEE_ID,SHIFT_ID,WORK_DATE,CLOCK_IN,CLOCK_OUT,WORK_HOURS,OT_HOURS,IS_NIGHT) values ('34',102,'1',to_date('05-OCT-23','DD-MON-RR'),to_timestamp('05-OCT-23 06.55.00.000000000 AM','DD-MON-RR HH.MI.SSXFF AM'),to_timestamp('05-OCT-23 03.05.00.000000000 PM','DD-MON-RR HH.MI.SSXFF AM'),8,0,0);
Insert into SYSTEM.ATTENDANCE (ATTENDANCE_ID,EMPLOYEE_ID,SHIFT_ID,WORK_DATE,CLOCK_IN,CLOCK_OUT,WORK_HOURS,OT_HOURS,IS_NIGHT) values ('35',103,'1',to_date('05-OCT-23','DD-MON-RR'),to_timestamp('05-OCT-23 07.05.00.000000000 AM','DD-MON-RR HH.MI.SSXFF AM'),to_timestamp('05-OCT-23 03.00.00.000000000 PM','DD-MON-RR HH.MI.SSXFF AM'),8,0,0);
Insert into SYSTEM.ATTENDANCE (ATTENDANCE_ID,EMPLOYEE_ID,SHIFT_ID,WORK_DATE,CLOCK_IN,CLOCK_OUT,WORK_HOURS,OT_HOURS,IS_NIGHT) values ('36',104,'1',to_date('05-OCT-23','DD-MON-RR'),to_timestamp('05-OCT-23 06.58.00.000000000 AM','DD-MON-RR HH.MI.SSXFF AM'),to_timestamp('05-OCT-23 03.05.00.000000000 PM','DD-MON-RR HH.MI.SSXFF AM'),8,0,0);
Insert into SYSTEM.ATTENDANCE (ATTENDANCE_ID,EMPLOYEE_ID,SHIFT_ID,WORK_DATE,CLOCK_IN,CLOCK_OUT,WORK_HOURS,OT_HOURS,IS_NIGHT) values ('37',106,'2',to_date('05-OCT-23','DD-MON-RR'),to_timestamp('05-OCT-23 02.45.00.000000000 PM','DD-MON-RR HH.MI.SSXFF AM'),to_timestamp('05-OCT-23 11.00.00.000000000 PM','DD-MON-RR HH.MI.SSXFF AM'),8,0,0);
Insert into SYSTEM.ATTENDANCE (ATTENDANCE_ID,EMPLOYEE_ID,SHIFT_ID,WORK_DATE,CLOCK_IN,CLOCK_OUT,WORK_HOURS,OT_HOURS,IS_NIGHT) values ('38',113,'2',to_date('05-OCT-23','DD-MON-RR'),to_timestamp('05-OCT-23 02.50.00.000000000 PM','DD-MON-RR HH.MI.SSXFF AM'),to_timestamp('05-OCT-23 11.05.00.000000000 PM','DD-MON-RR HH.MI.SSXFF AM'),8,0,0);
Insert into SYSTEM.ATTENDANCE (ATTENDANCE_ID,EMPLOYEE_ID,SHIFT_ID,WORK_DATE,CLOCK_IN,CLOCK_OUT,WORK_HOURS,OT_HOURS,IS_NIGHT) values ('39',120,'2',to_date('05-OCT-23','DD-MON-RR'),to_timestamp('05-OCT-23 02.55.00.000000000 PM','DD-MON-RR HH.MI.SSXFF AM'),to_timestamp('05-OCT-23 11.00.00.000000000 PM','DD-MON-RR HH.MI.SSXFF AM'),8,0,0);
Insert into SYSTEM.ATTENDANCE (ATTENDANCE_ID,EMPLOYEE_ID,SHIFT_ID,WORK_DATE,CLOCK_IN,CLOCK_OUT,WORK_HOURS,OT_HOURS,IS_NIGHT) values ('40',127,'2',to_date('05-OCT-23','DD-MON-RR'),to_timestamp('05-OCT-23 03.00.00.000000000 PM','DD-MON-RR HH.MI.SSXFF AM'),to_timestamp('06-OCT-23 01.00.00.000000000 AM','DD-MON-RR HH.MI.SSXFF AM'),8,2,0);
Insert into SYSTEM.ATTENDANCE (ATTENDANCE_ID,EMPLOYEE_ID,SHIFT_ID,WORK_DATE,CLOCK_IN,CLOCK_OUT,WORK_HOURS,OT_HOURS,IS_NIGHT) values ('41',105,'3',to_date('05-OCT-23','DD-MON-RR'),to_timestamp('05-OCT-23 10.55.00.000000000 PM','DD-MON-RR HH.MI.SSXFF AM'),to_timestamp('06-OCT-23 07.05.00.000000000 AM','DD-MON-RR HH.MI.SSXFF AM'),8,0,1);
Insert into SYSTEM.ATTENDANCE (ATTENDANCE_ID,EMPLOYEE_ID,SHIFT_ID,WORK_DATE,CLOCK_IN,CLOCK_OUT,WORK_HOURS,OT_HOURS,IS_NIGHT) values ('42',134,'3',to_date('05-OCT-23','DD-MON-RR'),to_timestamp('05-OCT-23 10.50.00.000000000 PM','DD-MON-RR HH.MI.SSXFF AM'),to_timestamp('06-OCT-23 07.00.00.000000000 AM','DD-MON-RR HH.MI.SSXFF AM'),8,0,1);
Insert into SYSTEM.ATTENDANCE (ATTENDANCE_ID,EMPLOYEE_ID,SHIFT_ID,WORK_DATE,CLOCK_IN,CLOCK_OUT,WORK_HOURS,OT_HOURS,IS_NIGHT) values ('43',101,'1',to_date('06-OCT-23','DD-MON-RR'),to_timestamp('06-OCT-23 06.55.00.000000000 AM','DD-MON-RR HH.MI.SSXFF AM'),to_timestamp('06-OCT-23 03.05.00.000000000 PM','DD-MON-RR HH.MI.SSXFF AM'),8,0,0);
Insert into SYSTEM.ATTENDANCE (ATTENDANCE_ID,EMPLOYEE_ID,SHIFT_ID,WORK_DATE,CLOCK_IN,CLOCK_OUT,WORK_HOURS,OT_HOURS,IS_NIGHT) values ('44',102,'1',to_date('06-OCT-23','DD-MON-RR'),to_timestamp('06-OCT-23 06.50.00.000000000 AM','DD-MON-RR HH.MI.SSXFF AM'),to_timestamp('06-OCT-23 03.00.00.000000000 PM','DD-MON-RR HH.MI.SSXFF AM'),8,0,0);
Insert into SYSTEM.ATTENDANCE (ATTENDANCE_ID,EMPLOYEE_ID,SHIFT_ID,WORK_DATE,CLOCK_IN,CLOCK_OUT,WORK_HOURS,OT_HOURS,IS_NIGHT) values ('45',103,'1',to_date('06-OCT-23','DD-MON-RR'),to_timestamp('06-OCT-23 07.00.00.000000000 AM','DD-MON-RR HH.MI.SSXFF AM'),to_timestamp('06-OCT-23 04.00.00.000000000 PM','DD-MON-RR HH.MI.SSXFF AM'),8,1,0);
Insert into SYSTEM.ATTENDANCE (ATTENDANCE_ID,EMPLOYEE_ID,SHIFT_ID,WORK_DATE,CLOCK_IN,CLOCK_OUT,WORK_HOURS,OT_HOURS,IS_NIGHT) values ('46',104,'1',to_date('06-OCT-23','DD-MON-RR'),to_timestamp('06-OCT-23 06.58.00.000000000 AM','DD-MON-RR HH.MI.SSXFF AM'),to_timestamp('06-OCT-23 03.05.00.000000000 PM','DD-MON-RR HH.MI.SSXFF AM'),8,0,0);
Insert into SYSTEM.ATTENDANCE (ATTENDANCE_ID,EMPLOYEE_ID,SHIFT_ID,WORK_DATE,CLOCK_IN,CLOCK_OUT,WORK_HOURS,OT_HOURS,IS_NIGHT) values ('47',106,'2',to_date('06-OCT-23','DD-MON-RR'),to_timestamp('06-OCT-23 02.55.00.000000000 PM','DD-MON-RR HH.MI.SSXFF AM'),to_timestamp('06-OCT-23 11.10.00.000000000 PM','DD-MON-RR HH.MI.SSXFF AM'),8,0,0);
Insert into SYSTEM.ATTENDANCE (ATTENDANCE_ID,EMPLOYEE_ID,SHIFT_ID,WORK_DATE,CLOCK_IN,CLOCK_OUT,WORK_HOURS,OT_HOURS,IS_NIGHT) values ('48',113,'2',to_date('06-OCT-23','DD-MON-RR'),to_timestamp('06-OCT-23 02.50.00.000000000 PM','DD-MON-RR HH.MI.SSXFF AM'),to_timestamp('06-OCT-23 11.05.00.000000000 PM','DD-MON-RR HH.MI.SSXFF AM'),8,0,0);
Insert into SYSTEM.ATTENDANCE (ATTENDANCE_ID,EMPLOYEE_ID,SHIFT_ID,WORK_DATE,CLOCK_IN,CLOCK_OUT,WORK_HOURS,OT_HOURS,IS_NIGHT) values ('49',120,'2',to_date('06-OCT-23','DD-MON-RR'),to_timestamp('06-OCT-23 02.45.00.000000000 PM','DD-MON-RR HH.MI.SSXFF AM'),to_timestamp('06-OCT-23 11.00.00.000000000 PM','DD-MON-RR HH.MI.SSXFF AM'),8,0,0);
Insert into SYSTEM.ATTENDANCE (ATTENDANCE_ID,EMPLOYEE_ID,SHIFT_ID,WORK_DATE,CLOCK_IN,CLOCK_OUT,WORK_HOURS,OT_HOURS,IS_NIGHT) values ('50',127,'2',to_date('06-OCT-23','DD-MON-RR'),to_timestamp('06-OCT-23 03.00.00.000000000 PM','DD-MON-RR HH.MI.SSXFF AM'),to_timestamp('06-OCT-23 11.05.00.000000000 PM','DD-MON-RR HH.MI.SSXFF AM'),8,0,0);
Insert into SYSTEM.ATTENDANCE (ATTENDANCE_ID,EMPLOYEE_ID,SHIFT_ID,WORK_DATE,CLOCK_IN,CLOCK_OUT,WORK_HOURS,OT_HOURS,IS_NIGHT) values ('51',105,'3',to_date('06-OCT-23','DD-MON-RR'),to_timestamp('06-OCT-23 10.50.00.000000000 PM','DD-MON-RR HH.MI.SSXFF AM'),to_timestamp('07-OCT-23 07.05.00.000000000 AM','DD-MON-RR HH.MI.SSXFF AM'),8,0,1);
Insert into SYSTEM.ATTENDANCE (ATTENDANCE_ID,EMPLOYEE_ID,SHIFT_ID,WORK_DATE,CLOCK_IN,CLOCK_OUT,WORK_HOURS,OT_HOURS,IS_NIGHT) values ('52',134,'3',to_date('06-OCT-23','DD-MON-RR'),to_timestamp('06-OCT-23 10.55.00.000000000 PM','DD-MON-RR HH.MI.SSXFF AM'),to_timestamp('07-OCT-23 07.15.00.000000000 AM','DD-MON-RR HH.MI.SSXFF AM'),8,0,1);
Insert into SYSTEM.ATTENDANCE (ATTENDANCE_ID,EMPLOYEE_ID,SHIFT_ID,WORK_DATE,CLOCK_IN,CLOCK_OUT,WORK_HOURS,OT_HOURS,IS_NIGHT) values ('53',101,'1',to_date('07-OCT-23','DD-MON-RR'),to_timestamp('07-OCT-23 06.50.00.000000000 AM','DD-MON-RR HH.MI.SSXFF AM'),to_timestamp('07-OCT-23 03.00.00.000000000 PM','DD-MON-RR HH.MI.SSXFF AM'),8,0,0);
Insert into SYSTEM.ATTENDANCE (ATTENDANCE_ID,EMPLOYEE_ID,SHIFT_ID,WORK_DATE,CLOCK_IN,CLOCK_OUT,WORK_HOURS,OT_HOURS,IS_NIGHT) values ('54',102,'1',to_date('07-OCT-23','DD-MON-RR'),to_timestamp('07-OCT-23 06.55.00.000000000 AM','DD-MON-RR HH.MI.SSXFF AM'),to_timestamp('07-OCT-23 03.10.00.000000000 PM','DD-MON-RR HH.MI.SSXFF AM'),8,0,0);
Insert into SYSTEM.ATTENDANCE (ATTENDANCE_ID,EMPLOYEE_ID,SHIFT_ID,WORK_DATE,CLOCK_IN,CLOCK_OUT,WORK_HOURS,OT_HOURS,IS_NIGHT) values ('55',103,'1',to_date('07-OCT-23','DD-MON-RR'),to_timestamp('07-OCT-23 07.00.00.000000000 AM','DD-MON-RR HH.MI.SSXFF AM'),to_timestamp('07-OCT-23 03.05.00.000000000 PM','DD-MON-RR HH.MI.SSXFF AM'),8,0,0);
Insert into SYSTEM.ATTENDANCE (ATTENDANCE_ID,EMPLOYEE_ID,SHIFT_ID,WORK_DATE,CLOCK_IN,CLOCK_OUT,WORK_HOURS,OT_HOURS,IS_NIGHT) values ('56',104,'1',to_date('07-OCT-23','DD-MON-RR'),to_timestamp('07-OCT-23 06.58.00.000000000 AM','DD-MON-RR HH.MI.SSXFF AM'),to_timestamp('07-OCT-23 03.00.00.000000000 PM','DD-MON-RR HH.MI.SSXFF AM'),8,0,0);
Insert into SYSTEM.ATTENDANCE (ATTENDANCE_ID,EMPLOYEE_ID,SHIFT_ID,WORK_DATE,CLOCK_IN,CLOCK_OUT,WORK_HOURS,OT_HOURS,IS_NIGHT) values ('57',106,'2',to_date('07-OCT-23','DD-MON-RR'),to_timestamp('07-OCT-23 02.50.00.000000000 PM','DD-MON-RR HH.MI.SSXFF AM'),to_timestamp('07-OCT-23 11.05.00.000000000 PM','DD-MON-RR HH.MI.SSXFF AM'),8,0,0);
Insert into SYSTEM.ATTENDANCE (ATTENDANCE_ID,EMPLOYEE_ID,SHIFT_ID,WORK_DATE,CLOCK_IN,CLOCK_OUT,WORK_HOURS,OT_HOURS,IS_NIGHT) values ('58',113,'2',to_date('07-OCT-23','DD-MON-RR'),to_timestamp('07-OCT-23 02.45.00.000000000 PM','DD-MON-RR HH.MI.SSXFF AM'),to_timestamp('07-OCT-23 11.00.00.000000000 PM','DD-MON-RR HH.MI.SSXFF AM'),8,0,0);
Insert into SYSTEM.ATTENDANCE (ATTENDANCE_ID,EMPLOYEE_ID,SHIFT_ID,WORK_DATE,CLOCK_IN,CLOCK_OUT,WORK_HOURS,OT_HOURS,IS_NIGHT) values ('59',120,'2',to_date('07-OCT-23','DD-MON-RR'),to_timestamp('07-OCT-23 03.00.00.000000000 PM','DD-MON-RR HH.MI.SSXFF AM'),to_timestamp('07-OCT-23 11.10.00.000000000 PM','DD-MON-RR HH.MI.SSXFF AM'),8,0,0);
Insert into SYSTEM.ATTENDANCE (ATTENDANCE_ID,EMPLOYEE_ID,SHIFT_ID,WORK_DATE,CLOCK_IN,CLOCK_OUT,WORK_HOURS,OT_HOURS,IS_NIGHT) values ('60',127,'2',to_date('07-OCT-23','DD-MON-RR'),to_timestamp('07-OCT-23 02.55.00.000000000 PM','DD-MON-RR HH.MI.SSXFF AM'),to_timestamp('07-OCT-23 11.00.00.000000000 PM','DD-MON-RR HH.MI.SSXFF AM'),8,0,0);
Insert into SYSTEM.ATTENDANCE (ATTENDANCE_ID,EMPLOYEE_ID,SHIFT_ID,WORK_DATE,CLOCK_IN,CLOCK_OUT,WORK_HOURS,OT_HOURS,IS_NIGHT) values ('61',105,'3',to_date('07-OCT-23','DD-MON-RR'),to_timestamp('07-OCT-23 10.55.00.000000000 PM','DD-MON-RR HH.MI.SSXFF AM'),to_timestamp('08-OCT-23 07.05.00.000000000 AM','DD-MON-RR HH.MI.SSXFF AM'),8,0,1);
Insert into SYSTEM.ATTENDANCE (ATTENDANCE_ID,EMPLOYEE_ID,SHIFT_ID,WORK_DATE,CLOCK_IN,CLOCK_OUT,WORK_HOURS,OT_HOURS,IS_NIGHT) values ('62',134,'3',to_date('07-OCT-23','DD-MON-RR'),to_timestamp('07-OCT-23 10.50.00.000000000 PM','DD-MON-RR HH.MI.SSXFF AM'),to_timestamp('08-OCT-23 07.00.00.000000000 AM','DD-MON-RR HH.MI.SSXFF AM'),8,0,1);
Insert into SYSTEM.ATTENDANCE (ATTENDANCE_ID,EMPLOYEE_ID,SHIFT_ID,WORK_DATE,CLOCK_IN,CLOCK_OUT,WORK_HOURS,OT_HOURS,IS_NIGHT) values ('63',101,'1',to_date('08-OCT-23','DD-MON-RR'),to_timestamp('08-OCT-23 06.55.00.000000000 AM','DD-MON-RR HH.MI.SSXFF AM'),to_timestamp('08-OCT-23 03.05.00.000000000 PM','DD-MON-RR HH.MI.SSXFF AM'),8,0,0);
Insert into SYSTEM.ATTENDANCE (ATTENDANCE_ID,EMPLOYEE_ID,SHIFT_ID,WORK_DATE,CLOCK_IN,CLOCK_OUT,WORK_HOURS,OT_HOURS,IS_NIGHT) values ('64',102,'1',to_date('08-OCT-23','DD-MON-RR'),to_timestamp('08-OCT-23 06.50.00.000000000 AM','DD-MON-RR HH.MI.SSXFF AM'),to_timestamp('08-OCT-23 03.00.00.000000000 PM','DD-MON-RR HH.MI.SSXFF AM'),8,0,0);
Insert into SYSTEM.ATTENDANCE (ATTENDANCE_ID,EMPLOYEE_ID,SHIFT_ID,WORK_DATE,CLOCK_IN,CLOCK_OUT,WORK_HOURS,OT_HOURS,IS_NIGHT) values ('65',103,'1',to_date('08-OCT-23','DD-MON-RR'),to_timestamp('08-OCT-23 07.00.00.000000000 AM','DD-MON-RR HH.MI.SSXFF AM'),to_timestamp('08-OCT-23 03.00.00.000000000 PM','DD-MON-RR HH.MI.SSXFF AM'),8,0,0);
Insert into SYSTEM.ATTENDANCE (ATTENDANCE_ID,EMPLOYEE_ID,SHIFT_ID,WORK_DATE,CLOCK_IN,CLOCK_OUT,WORK_HOURS,OT_HOURS,IS_NIGHT) values ('66',104,'1',to_date('08-OCT-23','DD-MON-RR'),to_timestamp('08-OCT-23 06.58.00.000000000 AM','DD-MON-RR HH.MI.SSXFF AM'),to_timestamp('08-OCT-23 03.05.00.000000000 PM','DD-MON-RR HH.MI.SSXFF AM'),8,0,0);
Insert into SYSTEM.ATTENDANCE (ATTENDANCE_ID,EMPLOYEE_ID,SHIFT_ID,WORK_DATE,CLOCK_IN,CLOCK_OUT,WORK_HOURS,OT_HOURS,IS_NIGHT) values ('67',106,'2',to_date('08-OCT-23','DD-MON-RR'),to_timestamp('08-OCT-23 02.50.00.000000000 PM','DD-MON-RR HH.MI.SSXFF AM'),to_timestamp('08-OCT-23 11.10.00.000000000 PM','DD-MON-RR HH.MI.SSXFF AM'),8,0,0);
Insert into SYSTEM.ATTENDANCE (ATTENDANCE_ID,EMPLOYEE_ID,SHIFT_ID,WORK_DATE,CLOCK_IN,CLOCK_OUT,WORK_HOURS,OT_HOURS,IS_NIGHT) values ('68',113,'2',to_date('08-OCT-23','DD-MON-RR'),to_timestamp('08-OCT-23 02.55.00.000000000 PM','DD-MON-RR HH.MI.SSXFF AM'),to_timestamp('08-OCT-23 11.05.00.000000000 PM','DD-MON-RR HH.MI.SSXFF AM'),8,0,0);
Insert into SYSTEM.ATTENDANCE (ATTENDANCE_ID,EMPLOYEE_ID,SHIFT_ID,WORK_DATE,CLOCK_IN,CLOCK_OUT,WORK_HOURS,OT_HOURS,IS_NIGHT) values ('69',120,'2',to_date('08-OCT-23','DD-MON-RR'),to_timestamp('08-OCT-23 02.45.00.000000000 PM','DD-MON-RR HH.MI.SSXFF AM'),to_timestamp('08-OCT-23 11.00.00.000000000 PM','DD-MON-RR HH.MI.SSXFF AM'),8,0,0);
Insert into SYSTEM.ATTENDANCE (ATTENDANCE_ID,EMPLOYEE_ID,SHIFT_ID,WORK_DATE,CLOCK_IN,CLOCK_OUT,WORK_HOURS,OT_HOURS,IS_NIGHT) values ('70',127,'2',to_date('08-OCT-23','DD-MON-RR'),to_timestamp('08-OCT-23 03.00.00.000000000 PM','DD-MON-RR HH.MI.SSXFF AM'),to_timestamp('08-OCT-23 11.05.00.000000000 PM','DD-MON-RR HH.MI.SSXFF AM'),8,0,0);
Insert into SYSTEM.ATTENDANCE (ATTENDANCE_ID,EMPLOYEE_ID,SHIFT_ID,WORK_DATE,CLOCK_IN,CLOCK_OUT,WORK_HOURS,OT_HOURS,IS_NIGHT) values ('71',105,'3',to_date('08-OCT-23','DD-MON-RR'),to_timestamp('08-OCT-23 10.50.00.000000000 PM','DD-MON-RR HH.MI.SSXFF AM'),to_timestamp('09-OCT-23 07.05.00.000000000 AM','DD-MON-RR HH.MI.SSXFF AM'),8,0,1);
Insert into SYSTEM.ATTENDANCE (ATTENDANCE_ID,EMPLOYEE_ID,SHIFT_ID,WORK_DATE,CLOCK_IN,CLOCK_OUT,WORK_HOURS,OT_HOURS,IS_NIGHT) values ('72',134,'3',to_date('08-OCT-23','DD-MON-RR'),to_timestamp('08-OCT-23 10.55.00.000000000 PM','DD-MON-RR HH.MI.SSXFF AM'),to_timestamp('09-OCT-23 07.15.00.000000000 AM','DD-MON-RR HH.MI.SSXFF AM'),8,0,1);
Insert into SYSTEM.ATTENDANCE (ATTENDANCE_ID,EMPLOYEE_ID,SHIFT_ID,WORK_DATE,CLOCK_IN,CLOCK_OUT,WORK_HOURS,OT_HOURS,IS_NIGHT) values ('1',101,'1',to_date('01-OCT-23','DD-MON-RR'),to_timestamp('01-OCT-23 06.55.00.000000000 AM','DD-MON-RR HH.MI.SSXFF AM'),to_timestamp('01-OCT-23 03.05.00.000000000 PM','DD-MON-RR HH.MI.SSXFF AM'),8,0,0);
Insert into SYSTEM.ATTENDANCE (ATTENDANCE_ID,EMPLOYEE_ID,SHIFT_ID,WORK_DATE,CLOCK_IN,CLOCK_OUT,WORK_HOURS,OT_HOURS,IS_NIGHT) values ('2',105,'3',to_date('01-OCT-23','DD-MON-RR'),to_timestamp('01-OCT-23 10.50.00.000000000 PM','DD-MON-RR HH.MI.SSXFF AM'),to_timestamp('02-OCT-23 07.10.00.000000000 AM','DD-MON-RR HH.MI.SSXFF AM'),8,0,1);
REM INSERTING into SYSTEM.DEPARTMENT
SET DEFINE OFF;
Insert into SYSTEM.DEPARTMENT (DEPARTMENT_ID,DEPARTMENT_NAME,MANAGER_ID,LOCATION,INTERNAL_PHONE) values (1,'Front Office',101,'Main Lobby',1001);
Insert into SYSTEM.DEPARTMENT (DEPARTMENT_ID,DEPARTMENT_NAME,MANAGER_ID,LOCATION,INTERNAL_PHONE) values (2,'Housekeeping',102,'Basement 1',1002);
Insert into SYSTEM.DEPARTMENT (DEPARTMENT_ID,DEPARTMENT_NAME,MANAGER_ID,LOCATION,INTERNAL_PHONE) values (3,'F&B',103,'Ground Floor',1003);
Insert into SYSTEM.DEPARTMENT (DEPARTMENT_ID,DEPARTMENT_NAME,MANAGER_ID,LOCATION,INTERNAL_PHONE) values (4,'Maintenance',104,'Basement 2',1004);
Insert into SYSTEM.DEPARTMENT (DEPARTMENT_ID,DEPARTMENT_NAME,MANAGER_ID,LOCATION,INTERNAL_PHONE) values (5,'Security',105,'Main Entrance',1005);
REM INSERTING into SYSTEM.EMPLOYEE
SET DEFINE OFF;
Insert into SYSTEM.EMPLOYEE (EMPLOYEE_ID,FIRST_NAME,LAST_NAME,BIRTH_DATE,GENDER,PHONE,EMAIL,HIRE_DATE,STATUS,DEPARTMENT_ID,POSITION_ID) values (106,'Sarah','Connor',to_date('12-APR-93','DD-MON-RR'),'Female','555-0106','sarah.c@hotel.com',to_date('10-FEB-21','DD-MON-RR'),'Active',1,1);
Insert into SYSTEM.EMPLOYEE (EMPLOYEE_ID,FIRST_NAME,LAST_NAME,BIRTH_DATE,GENDER,PHONE,EMAIL,HIRE_DATE,STATUS,DEPARTMENT_ID,POSITION_ID) values (107,'John','Doe',to_date('25-AUG-89','DD-MON-RR'),'Male','555-0107','john.d@hotel.com',to_date('15-NOV-20','DD-MON-RR'),'Active',1,1);
Insert into SYSTEM.EMPLOYEE (EMPLOYEE_ID,FIRST_NAME,LAST_NAME,BIRTH_DATE,GENDER,PHONE,EMAIL,HIRE_DATE,STATUS,DEPARTMENT_ID,POSITION_ID) values (108,'Jane','Smith',to_date('30-JAN-95','DD-MON-RR'),'Female','555-0108','jane.s@hotel.com',to_date('20-MAY-22','DD-MON-RR'),'Active',1,1);
Insert into SYSTEM.EMPLOYEE (EMPLOYEE_ID,FIRST_NAME,LAST_NAME,BIRTH_DATE,GENDER,PHONE,EMAIL,HIRE_DATE,STATUS,DEPARTMENT_ID,POSITION_ID) values (109,'Emily','Chen',to_date('14-JUL-98','DD-MON-RR'),'Female','555-0109','emily.c@hotel.com',to_date('10-JAN-23','DD-MON-RR'),'Active',1,1);
Insert into SYSTEM.EMPLOYEE (EMPLOYEE_ID,FIRST_NAME,LAST_NAME,BIRTH_DATE,GENDER,PHONE,EMAIL,HIRE_DATE,STATUS,DEPARTMENT_ID,POSITION_ID) values (110,'Michael','Brown',to_date('09-SEP-91','DD-MON-RR'),'Male','555-0110','michael.b@hotel.com',to_date('05-AUG-19','DD-MON-RR'),'On Leave',1,1);
Insert into SYSTEM.EMPLOYEE (EMPLOYEE_ID,FIRST_NAME,LAST_NAME,BIRTH_DATE,GENDER,PHONE,EMAIL,HIRE_DATE,STATUS,DEPARTMENT_ID,POSITION_ID) values (111,'Chris','Evans',to_date('13-JUN-85','DD-MON-RR'),'Male','555-0111','chris.e@hotel.com',to_date('12-MAR-18','DD-MON-RR'),'Active',1,1);
Insert into SYSTEM.EMPLOYEE (EMPLOYEE_ID,FIRST_NAME,LAST_NAME,BIRTH_DATE,GENDER,PHONE,EMAIL,HIRE_DATE,STATUS,DEPARTMENT_ID,POSITION_ID) values (112,'Jessica','Alba',to_date('01-DEC-92','DD-MON-RR'),'Female','555-0112','jessica.a@hotel.com',to_date('25-SEP-21','DD-MON-RR'),'Active',1,1);
Insert into SYSTEM.EMPLOYEE (EMPLOYEE_ID,FIRST_NAME,LAST_NAME,BIRTH_DATE,GENDER,PHONE,EMAIL,HIRE_DATE,STATUS,DEPARTMENT_ID,POSITION_ID) values (113,'David','Miller',to_date('22-MAR-80','DD-MON-RR'),'Male','555-0113','david.m@hotel.com',to_date('30-JUN-17','DD-MON-RR'),'Active',2,2);
Insert into SYSTEM.EMPLOYEE (EMPLOYEE_ID,FIRST_NAME,LAST_NAME,BIRTH_DATE,GENDER,PHONE,EMAIL,HIRE_DATE,STATUS,DEPARTMENT_ID,POSITION_ID) values (114,'Sophia','Taylor',to_date('05-NOV-88','DD-MON-RR'),'Female','555-0114','sophia.t@hotel.com',to_date('18-FEB-19','DD-MON-RR'),'Active',2,2);
Insert into SYSTEM.EMPLOYEE (EMPLOYEE_ID,FIRST_NAME,LAST_NAME,BIRTH_DATE,GENDER,PHONE,EMAIL,HIRE_DATE,STATUS,DEPARTMENT_ID,POSITION_ID) values (115,'James','Anderson',to_date('17-MAY-94','DD-MON-RR'),'Male','555-0115','james.a@hotel.com',to_date('10-OCT-22','DD-MON-RR'),'Active',2,2);
Insert into SYSTEM.EMPLOYEE (EMPLOYEE_ID,FIRST_NAME,LAST_NAME,BIRTH_DATE,GENDER,PHONE,EMAIL,HIRE_DATE,STATUS,DEPARTMENT_ID,POSITION_ID) values (116,'Linda','Thomas',to_date('29-AUG-75','DD-MON-RR'),'Female','555-0116','linda.t@hotel.com',to_date('22-APR-15','DD-MON-RR'),'Active',2,2);
Insert into SYSTEM.EMPLOYEE (EMPLOYEE_ID,FIRST_NAME,LAST_NAME,BIRTH_DATE,GENDER,PHONE,EMAIL,HIRE_DATE,STATUS,DEPARTMENT_ID,POSITION_ID) values (117,'Robert','Jackson',to_date('11-OCT-82','DD-MON-RR'),'Male','555-0117','robert.j@hotel.com',to_date('15-JUL-18','DD-MON-RR'),'Resigned',2,2);
Insert into SYSTEM.EMPLOYEE (EMPLOYEE_ID,FIRST_NAME,LAST_NAME,BIRTH_DATE,GENDER,PHONE,EMAIL,HIRE_DATE,STATUS,DEPARTMENT_ID,POSITION_ID) values (118,'Maria','Garcia',to_date('28-FEB-97','DD-MON-RR'),'Female','555-0118','maria.g@hotel.com',to_date('01-MAR-23','DD-MON-RR'),'Active',2,2);
Insert into SYSTEM.EMPLOYEE (EMPLOYEE_ID,FIRST_NAME,LAST_NAME,BIRTH_DATE,GENDER,PHONE,EMAIL,HIRE_DATE,STATUS,DEPARTMENT_ID,POSITION_ID) values (119,'William','White',to_date('19-JUN-90','DD-MON-RR'),'Male','555-0119','william.w@hotel.com',to_date('05-DEC-20','DD-MON-RR'),'Active',2,2);
Insert into SYSTEM.EMPLOYEE (EMPLOYEE_ID,FIRST_NAME,LAST_NAME,BIRTH_DATE,GENDER,PHONE,EMAIL,HIRE_DATE,STATUS,DEPARTMENT_ID,POSITION_ID) values (120,'Richard','Harris',to_date('14-SEP-96','DD-MON-RR'),'Male','555-0120','richard.h@hotel.com',to_date('10-MAY-21','DD-MON-RR'),'Active',3,3);
Insert into SYSTEM.EMPLOYEE (EMPLOYEE_ID,FIRST_NAME,LAST_NAME,BIRTH_DATE,GENDER,PHONE,EMAIL,HIRE_DATE,STATUS,DEPARTMENT_ID,POSITION_ID) values (121,'Patricia','Martin',to_date('22-JAN-99','DD-MON-RR'),'Female','555-0121','patricia.m@hotel.com',to_date('15-AUG-23','DD-MON-RR'),'Active',3,3);
Insert into SYSTEM.EMPLOYEE (EMPLOYEE_ID,FIRST_NAME,LAST_NAME,BIRTH_DATE,GENDER,PHONE,EMAIL,HIRE_DATE,STATUS,DEPARTMENT_ID,POSITION_ID) values (122,'Charles','Thompson',to_date('30-DEC-87','DD-MON-RR'),'Male','555-0122','charles.t@hotel.com',to_date('20-NOV-19','DD-MON-RR'),'Active',3,3);
Insert into SYSTEM.EMPLOYEE (EMPLOYEE_ID,FIRST_NAME,LAST_NAME,BIRTH_DATE,GENDER,PHONE,EMAIL,HIRE_DATE,STATUS,DEPARTMENT_ID,POSITION_ID) values (123,'Angela','Moore',to_date('18-APR-94','DD-MON-RR'),'Female','555-0123','angela.m@hotel.com',to_date('25-JAN-20','DD-MON-RR'),'Active',3,3);
Insert into SYSTEM.EMPLOYEE (EMPLOYEE_ID,FIRST_NAME,LAST_NAME,BIRTH_DATE,GENDER,PHONE,EMAIL,HIRE_DATE,STATUS,DEPARTMENT_ID,POSITION_ID) values (124,'Thomas','Clark',to_date('07-JUL-91','DD-MON-RR'),'Male','555-0124','thomas.c@hotel.com',to_date('10-SEP-18','DD-MON-RR'),'Active',3,3);
Insert into SYSTEM.EMPLOYEE (EMPLOYEE_ID,FIRST_NAME,LAST_NAME,BIRTH_DATE,GENDER,PHONE,EMAIL,HIRE_DATE,STATUS,DEPARTMENT_ID,POSITION_ID) values (125,'Nancy','Lewis',to_date('15-MAR-85','DD-MON-RR'),'Female','555-0125','nancy.l@hotel.com',to_date('05-OCT-16','DD-MON-RR'),'On Leave',3,3);
Insert into SYSTEM.EMPLOYEE (EMPLOYEE_ID,FIRST_NAME,LAST_NAME,BIRTH_DATE,GENDER,PHONE,EMAIL,HIRE_DATE,STATUS,DEPARTMENT_ID,POSITION_ID) values (126,'Daniel','Walker',to_date('28-NOV-98','DD-MON-RR'),'Male','555-0126','daniel.w@hotel.com',to_date('12-JUL-22','DD-MON-RR'),'Active',3,3);
Insert into SYSTEM.EMPLOYEE (EMPLOYEE_ID,FIRST_NAME,LAST_NAME,BIRTH_DATE,GENDER,PHONE,EMAIL,HIRE_DATE,STATUS,DEPARTMENT_ID,POSITION_ID) values (127,'Matthew','Hall',to_date('09-MAY-83','DD-MON-RR'),'Male','555-0127','matthew.h@hotel.com',to_date('20-AUG-15','DD-MON-RR'),'Active',4,4);
Insert into SYSTEM.EMPLOYEE (EMPLOYEE_ID,FIRST_NAME,LAST_NAME,BIRTH_DATE,GENDER,PHONE,EMAIL,HIRE_DATE,STATUS,DEPARTMENT_ID,POSITION_ID) values (128,'Karen','Allen',to_date('14-OCT-89','DD-MON-RR'),'Female','555-0128','karen.a@hotel.com',to_date('10-APR-19','DD-MON-RR'),'Active',4,4);
Insert into SYSTEM.EMPLOYEE (EMPLOYEE_ID,FIRST_NAME,LAST_NAME,BIRTH_DATE,GENDER,PHONE,EMAIL,HIRE_DATE,STATUS,DEPARTMENT_ID,POSITION_ID) values (129,'Anthony','Young',to_date('25-JAN-78','DD-MON-RR'),'Male','555-0129','anthony.y@hotel.com',to_date('15-FEB-14','DD-MON-RR'),'Active',4,4);
Insert into SYSTEM.EMPLOYEE (EMPLOYEE_ID,FIRST_NAME,LAST_NAME,BIRTH_DATE,GENDER,PHONE,EMAIL,HIRE_DATE,STATUS,DEPARTMENT_ID,POSITION_ID) values (130,'Betty','King',to_date('30-JUN-92','DD-MON-RR'),'Female','555-0130','betty.k@hotel.com',to_date('05-NOV-21','DD-MON-RR'),'Active',4,4);
Insert into SYSTEM.EMPLOYEE (EMPLOYEE_ID,FIRST_NAME,LAST_NAME,BIRTH_DATE,GENDER,PHONE,EMAIL,HIRE_DATE,STATUS,DEPARTMENT_ID,POSITION_ID) values (131,'Mark','Wright',to_date('18-SEP-86','DD-MON-RR'),'Male','555-0131','mark.w@hotel.com',to_date('25-MAY-18','DD-MON-RR'),'Resigned',4,4);
Insert into SYSTEM.EMPLOYEE (EMPLOYEE_ID,FIRST_NAME,LAST_NAME,BIRTH_DATE,GENDER,PHONE,EMAIL,HIRE_DATE,STATUS,DEPARTMENT_ID,POSITION_ID) values (132,'Lisa','Scott',to_date('12-DEC-95','DD-MON-RR'),'Female','555-0132','lisa.s@hotel.com',to_date('30-MAR-22','DD-MON-RR'),'Active',4,4);
Insert into SYSTEM.EMPLOYEE (EMPLOYEE_ID,FIRST_NAME,LAST_NAME,BIRTH_DATE,GENDER,PHONE,EMAIL,HIRE_DATE,STATUS,DEPARTMENT_ID,POSITION_ID) values (133,'Paul','Green',to_date('04-APR-90','DD-MON-RR'),'Male','555-0133','paul.g@hotel.com',to_date('15-SEP-20','DD-MON-RR'),'Active',4,4);
Insert into SYSTEM.EMPLOYEE (EMPLOYEE_ID,FIRST_NAME,LAST_NAME,BIRTH_DATE,GENDER,PHONE,EMAIL,HIRE_DATE,STATUS,DEPARTMENT_ID,POSITION_ID) values (134,'Steven','Adams',to_date('08-AUG-81','DD-MON-RR'),'Male','555-0134','steven.a@hotel.com',to_date('20-JAN-16','DD-MON-RR'),'Active',5,5);
Insert into SYSTEM.EMPLOYEE (EMPLOYEE_ID,FIRST_NAME,LAST_NAME,BIRTH_DATE,GENDER,PHONE,EMAIL,HIRE_DATE,STATUS,DEPARTMENT_ID,POSITION_ID) values (135,'Sandra','Baker',to_date('16-FEB-87','DD-MON-RR'),'Female','555-0135','sandra.b@hotel.com',to_date('10-OCT-19','DD-MON-RR'),'Active',5,5);
Insert into SYSTEM.EMPLOYEE (EMPLOYEE_ID,FIRST_NAME,LAST_NAME,BIRTH_DATE,GENDER,PHONE,EMAIL,HIRE_DATE,STATUS,DEPARTMENT_ID,POSITION_ID) values (136,'Kenneth','Gonzalez',to_date('27-MAY-93','DD-MON-RR'),'Male','555-0136','kenneth.g@hotel.com',to_date('05-JUN-21','DD-MON-RR'),'Active',5,5);
Insert into SYSTEM.EMPLOYEE (EMPLOYEE_ID,FIRST_NAME,LAST_NAME,BIRTH_DATE,GENDER,PHONE,EMAIL,HIRE_DATE,STATUS,DEPARTMENT_ID,POSITION_ID) values (137,'Donna','Nelson',to_date('09-OCT-96','DD-MON-RR'),'Female','555-0137','donna.n@hotel.com',to_date('15-FEB-23','DD-MON-RR'),'Active',5,5);
Insert into SYSTEM.EMPLOYEE (EMPLOYEE_ID,FIRST_NAME,LAST_NAME,BIRTH_DATE,GENDER,PHONE,EMAIL,HIRE_DATE,STATUS,DEPARTMENT_ID,POSITION_ID) values (138,'Kevin','Carter',to_date('21-NOV-84','DD-MON-RR'),'Male','555-0138','kevin.c@hotel.com',to_date('30-AUG-17','DD-MON-RR'),'Active',5,5);
Insert into SYSTEM.EMPLOYEE (EMPLOYEE_ID,FIRST_NAME,LAST_NAME,BIRTH_DATE,GENDER,PHONE,EMAIL,HIRE_DATE,STATUS,DEPARTMENT_ID,POSITION_ID) values (139,'Carol','Mitchell',to_date('03-MAR-91','DD-MON-RR'),'Female','555-0139','carol.m@hotel.com',to_date('12-MAY-20','DD-MON-RR'),'On Leave',5,5);
Insert into SYSTEM.EMPLOYEE (EMPLOYEE_ID,FIRST_NAME,LAST_NAME,BIRTH_DATE,GENDER,PHONE,EMAIL,HIRE_DATE,STATUS,DEPARTMENT_ID,POSITION_ID) values (140,'Brian','Perez',to_date('26-JUL-88','DD-MON-RR'),'Male','555-0140','brian.p@hotel.com',to_date('01-DEC-18','DD-MON-RR'),'Active',5,5);
Insert into SYSTEM.EMPLOYEE (EMPLOYEE_ID,FIRST_NAME,LAST_NAME,BIRTH_DATE,GENDER,PHONE,EMAIL,HIRE_DATE,STATUS,DEPARTMENT_ID,POSITION_ID) values (101,'Alice','Smith',to_date('14-MAY-92','DD-MON-RR'),'Female','555-0101','alice.s@hotel.com',to_date('01-MAR-20','DD-MON-RR'),'Active',1,1);
Insert into SYSTEM.EMPLOYEE (EMPLOYEE_ID,FIRST_NAME,LAST_NAME,BIRTH_DATE,GENDER,PHONE,EMAIL,HIRE_DATE,STATUS,DEPARTMENT_ID,POSITION_ID) values (102,'Bob','Johnson',to_date('20-NOV-88','DD-MON-RR'),'Male','555-0102','bob.j@hotel.com',to_date('15-JUN-19','DD-MON-RR'),'Active',2,2);
Insert into SYSTEM.EMPLOYEE (EMPLOYEE_ID,FIRST_NAME,LAST_NAME,BIRTH_DATE,GENDER,PHONE,EMAIL,HIRE_DATE,STATUS,DEPARTMENT_ID,POSITION_ID) values (103,'Charlie','Davis',to_date('10-FEB-95','DD-MON-RR'),'Male','555-0103','charlie.d@hotel.com',to_date('20-AUG-21','DD-MON-RR'),'Active',3,3);
Insert into SYSTEM.EMPLOYEE (EMPLOYEE_ID,FIRST_NAME,LAST_NAME,BIRTH_DATE,GENDER,PHONE,EMAIL,HIRE_DATE,STATUS,DEPARTMENT_ID,POSITION_ID) values (104,'Diana','Miller',to_date('30-SEP-85','DD-MON-RR'),'Female','555-0104','diana.m@hotel.com',to_date('10-JAN-18','DD-MON-RR'),'Active',4,4);
Insert into SYSTEM.EMPLOYEE (EMPLOYEE_ID,FIRST_NAME,LAST_NAME,BIRTH_DATE,GENDER,PHONE,EMAIL,HIRE_DATE,STATUS,DEPARTMENT_ID,POSITION_ID) values (105,'Evan','Wilson',to_date('05-DEC-90','DD-MON-RR'),'Male','555-0105','evan.w@hotel.com',to_date('01-NOV-22','DD-MON-RR'),'Active',5,5);
REM INSERTING into SYSTEM.POSITION
SET DEFINE OFF;
Insert into SYSTEM.POSITION (POSITION_ID,POSITION_NAME,MIN_SALARY,MAX_SALARY,SHIFT_TYPE) values ('P01','Receptionist',20000,35000,'Rotating');
Insert into SYSTEM.POSITION (POSITION_ID,POSITION_NAME,MIN_SALARY,MAX_SALARY,SHIFT_TYPE) values ('P02','Room Attendant',15000,25000,'Day');
Insert into SYSTEM.POSITION (POSITION_ID,POSITION_NAME,MIN_SALARY,MAX_SALARY,SHIFT_TYPE) values ('P03','Waiter',16000,28000,'Rotating');
Insert into SYSTEM.POSITION (POSITION_ID,POSITION_NAME,MIN_SALARY,MAX_SALARY,SHIFT_TYPE) values ('P04','Technician',22000,40000,'Rotating');
Insert into SYSTEM.POSITION (POSITION_ID,POSITION_NAME,MIN_SALARY,MAX_SALARY,SHIFT_TYPE) values ('P05','Security Guard',18000,30000,'Night');
REM INSERTING into SYSTEM.SALARY
SET DEFINE OFF;
Insert into SYSTEM.SALARY (SALARY_ID,EMPLOYEE_ID,SALARY_MONTH,SALARY_YEAR,BASE_SALARY,OT_PAY,NIGHT_PAY,SERVICE_CHARGE,DEDUCTION,NET_SALARY,PAYMENT_DATE) values ('SA01',101,10,2023,25000,0,0,3000,1250,26750,to_date('31-OCT-23','DD-MON-RR'));
Insert into SYSTEM.SALARY (SALARY_ID,EMPLOYEE_ID,SALARY_MONTH,SALARY_YEAR,BASE_SALARY,OT_PAY,NIGHT_PAY,SERVICE_CHARGE,DEDUCTION,NET_SALARY,PAYMENT_DATE) values ('SA02',105,10,2023,20000,1500,2000,3000,1000,25500,to_date('31-OCT-23','DD-MON-RR'));
REM INSERTING into SYSTEM.SALARYDETAIL
SET DEFINE OFF;
Insert into SYSTEM.SALARYDETAIL (DETAIL_ID,SALARY_ID,DETAIL_TYPE,AMOUNT) values ('D01','SA01','Tax Deduction',1250);
Insert into SYSTEM.SALARYDETAIL (DETAIL_ID,SALARY_ID,DETAIL_TYPE,AMOUNT) values ('D02','SA01','Service Charge Bonus',3000);
Insert into SYSTEM.SALARYDETAIL (DETAIL_ID,SALARY_ID,DETAIL_TYPE,AMOUNT) values ('D03','SA02','Night Shift Allowance',2000);
Insert into SYSTEM.SALARYDETAIL (DETAIL_ID,SALARY_ID,DETAIL_TYPE,AMOUNT) values ('D04','SA02','Overtime Pay',1500);
REM INSERTING into SYSTEM.SHIFT
SET DEFINE OFF;
Insert into SYSTEM.SHIFT (SHIFT_ID,SHIFT_NAME,START_TIME,END_TIME,IS_NIGHT) values ('S01','Morning','6:00','14:00',0);
Insert into SYSTEM.SHIFT (SHIFT_ID,SHIFT_NAME,START_TIME,END_TIME,IS_NIGHT) values ('S02','Evening','14:01','22:00',0);
Insert into SYSTEM.SHIFT (SHIFT_ID,SHIFT_NAME,START_TIME,END_TIME,IS_NIGHT) values ('S03','Night','23:00','5:59',1);
